case_id,encnt_no,group_id,subject,feature_name,feature_code,feature_type,value,actual_value,extra_value,unit,method,source,_record_source,event_date,category,pipeline_version
4859e11a16ae299d4c9658f6f9e820fd,8215014aa5498c19a5056e439af2d452_1,1c1b6a8e-5c2b-4f8a-9b8d-2d0f2b6b6d01,患者,主诉,,文本型,左侧腰痛1个多月,,,,,LLM提取,论文病例报告,2024-08-01,病史,v1
4859e11a16ae299d4c9658f6f9e820fd,8215014aa5498c19a5056e439af2d452_1,2d6f7f8a-7f3a-4f73-9f07-4a1b0e8c4a12,患者,既往史,,文本型,否认慢性病史、家族遗传病史，否认烟酒史；20多年前曾行子宫肌瘤手术,,,,,LLM提取,论文病例报告,2024-08-01,病史,v1
4859e11a16ae299d4c9658f6f9e820fd,8215014aa5498c19a5056e439af2d452_1,3c7d1c7d-2a3e-4f0d-9d5d-2f7e8e9f1a33,患者,查体,,文本型,左肾区叩痛（+），其余体格检查未见明显异常,,,,,LLM提取,论文病例报告,2024-08-01,评估,v1
4859e11a16ae299d4c9658f6f9e820fd,8215014aa5498c19a5056e439af2d452_1,4d8f9b1a-9b1c-4a4d-8c6d-1d2f3a4b5c6d,左肾,影像所见,,文本型,背侧见不规则肿块，密度不均，伴囊性低密度区及钙化，大小约12.9cm×10.4cm，增强后实性部分明显不均匀强化，与腰大肌分界不清，且与腹主动脉、左肾动静脉关系密切,,CTA,,增强CT/CTA,LLM提取,论文病例报告,2024-08-13,影像,v1
4859e11a16ae299d4c9658f6f9e820fd,8215014aa5498c19a5056e439af2d452_1,4d8f9b1a-9b1c-4a4d-8c6d-1d2f3a4b5c6d,左肾,影像所见,,文本型,GFR 8.597 mL/min,8.597,,mL/min,SPECT/CT,LLM提取,论文病例报告,2024-08-13,影像,v1
4859e11a16ae299d4c9658f6f9e820fd,8215014aa5498c19a5056e439af2d452_1,4d8f9b1a-9b1c-4a4d-8c6d-1d2f3a4b5c6d,右肾,影像所见,,文本型,GFR 62.3 mL/min,62.3,,mL/min,SPECT/CT,LLM提取,论文病例报告,2024-08-13,影像,v1
4859e11a16ae299d4c9658f6f9e820fd,8215014aa5498c19a5056e439af2d452_1,4d8f9b1a-9b1c-4a4d-8c6d-1d2f3a4b5c6d,双肺,影像所见,,文本型,见微小结节，双肺少量慢性炎症灶,,,,胸部CT,LLM提取,论文病例报告,2024-08-13,影像,v1
4859e11a16ae299d4c9658f6f9e820fd,8215014aa5498c19a5056e439af2d452_1,5e0a1b2c-3d4e-5f60-8a7b-9c0d1e2f3a4b,患者,手术名称,,类别型,开腹左肾根治性切除术+淋巴结清扫,,,,,LLM提取,论文病例报告,2024-08-28,手术,v1
4859e11a16ae299d4c9658f6f9e820fd,8215014aa5498c19a5056e439af2d452_1,5e0a1b2c-3d4e-5f60-8a7b-9c0d1e2f3a4b,患者,手术结果,,文本型,切缘阴性，无淋巴结转移，肿瘤累及腰大肌邻近组织,,,,,LLM提取,论文病例报告,2024-08-28,手术,v1
4859e11a16ae299d4c9658f6f9e820fd,8215014aa5498c19a5056e439af2d452_1,6f1a2b3c-4d5e-6f70-8a8b-9c0d1e2f3a4c,患者,病理诊断,,文本型,肾细胞癌伴部分肉瘤样去分化,,Stage IV，pT4N0M0,,病理检查,LLM提取,论文病例报告,2024-08-28,病理,v1
4859e11a16ae299d4c9658f6f9e820fd,8215014aa5498c19a5056e439af2d452_1,6f1a2b3c-4d5e-6f70-8a8b-9c0d1e2f3a4c,肿瘤组织,免疫组化,,文本型,"vimentin(+), CD10(+), Ki67约80%+, FH蛋白表达, SDH8蛋白表达, GATA3部分+, CA9(-), CK7(-), CD117(-), P63(-), PAX-8(-), PAX-2(-), 34βE12(-), P40(-), CK5/6(-)",,,,免疫组化,LLM提取,论文病例报告,2024-08-28,病理,v1
4859e11a16ae299d4c9658f6f9e820fd,8215014aa5498c19a5056e439af2d452_1,6f1a2b3c-4d5e-6f70-8a8b-9c0d1e2f3a4c,肿瘤组织,免疫组化,,文本型,"AE1/AE3部分+, Vimentin大多数+, PAX-8局灶弱+, TFE-3部分+, INI-1蛋白表达保留, SMARCA4局灶缺失, GATA-3(-), CK20(-), CK7(-), HER2(0), P63(-), SMA(-), Desmin(-), S-100(-), CD-34(-), ALK-D5F3(-), HMB-45(-), Melan A(-), PD-L1(22C3)TPS约70%",,PD-L1阳性对照(+),,免疫组化,LLM提取,论文病例报告,2024-08-28,病理,v1
4859e11a16ae299d4c9658f6f9e820fd,8215014aa5498c19a5056e439af2d452_1,7a2b3c4d-5e6f-7f80-9a9b-0c1d2e3f4a5b,患者,诊断名称,,类别型,肾细胞癌,,Stage IV，pT4N0M0,,,LLM提取,论文病例报告,2024-08-28,诊断,v1
4859e11a16ae299d4c9658f6f9e820fd,8215014aa5498c19a5056e439af2d452_1,8b3c4d5e-6f70-8f90-9a0b-1c2d3e4f5a6b,患者,药品名称,,类别型,阿昔替尼,,,,,LLM提取,论文病例报告,2024-09-23,用药,v1
4859e11a16ae299d4c9658f6f9e820fd,8215014aa5498c19a5056e439af2d452_1,8b3c4d5e-6f70-8f90-9a0b-1c2d3e4f5a6b,患者,剂量,,数值型,5,5,bid po,mg,,LLM提取,论文病例报告,2024-09-23,用药,v1
4859e11a16ae299d4c9658f6f9e820fd,8215014aa5498c19a5056e439af2d452_1,8b3c4d5e-6f70-8f90-9a0b-1c2d3e4f5a6b,患者,药品名称,,类别型,特瑞普利单抗,,,,,LLM提取,论文病例报告,2024-09-23,用药,v1
4859e11a16ae299d4c9658f6f9e820fd,8215014aa5498c19a5056e439af2d452_1,8b3c4d5e-6f70-8f90-9a0b-1c2d3e4f5a6b,患者,剂量,,数值型,240,240,q3w ivgtt,mg,,LLM提取,论文病例报告,2024-09-23,用药,v1
4859e11a16ae299d4c9658f6f9e820fd,8215014aa5498c19a5056e439af2d452_1,9c4d5e6f-7081-9a01-0b1c-2d3e4f5a6b7c,胸腹部,影像所见,,文本型,双肺多发微小结节；手术区域、腹腔及腹膜后复发/转移，累及邻近器官，最大病灶约10.7cm；腹膜后及腹腔多发肿大淋巴结，提示转移,,RECIST1.1评估为疾病进展趋势,,增强CT,LLM提取,论文病例报告,2024-10-11,影像,v1
4859e11a16ae299d4c9658f6f9e820fd,8215014aa5498c19a5056e439af2d452_1,9c4d5e6f-7081-9a01-0b1c-2d3e4f5a6b7c,患者,疗效评估,,类别型,疾病进展,,RECIST1.1,,影像评估,LLM提取,论文病例报告,2024-10-11,评估,v1
4859e11a16ae299d4c9658f6f9e820fd,8215014aa5498c19a5056e439af2d452_1,aa5e6f70-8192-0b13-1c2d-3e4f5a6b7c8d,患者,诊断名称,,类别型,Birt-Hogg-Dubé综合征相关肾细胞癌伴肉瘤样去分化,,FLCN胚系突变；TMB 45.31 mut/Mb；MSI-H；BRCA2错义突变及移码突变；KRAS、NFI、TERT、TP53、MSH2、MSH6突变,,基因检测,LLM提取,论文病例报告,2024-11-04,诊断,v1
4859e11a16ae299d4c9658f6f9e820fd,8215014aa5498c19a5056e439af2d452_1,aa5e6f70-8192-0b13-1c2d-3e4f5a6b7c8d,患者,分子标志物,,类别型,FLCN胚系突变,,BHD综合征相关,,基因检测,LLM提取,论文病例报告,2024-11-04,诊断,v1
4859e11a16ae299d4c9658f6f9e820fd,8215014aa5498c19a5056e439af2d452_1,aa5e6f70-8192-0b13-1c2d-3e4f5a6b7c8d,患者,分子标志物,,类别型,TMB高,45.31,mut/Mb,mut/Mb,基因检测,LLM提取,论文病例报告,2024-11-04,诊断,v1
4859e11a16ae299d4c9658f6f9e820fd,8215014aa5498c19a5056e439af2d452_1,aa5e6f70-8192-0b13-1c2d-3e4f5a6b7c8d,患者,分子标志物,,类别型,MSI-H,,,,基因检测,LLM提取,论文病例报告,2024-11-04,诊断,v1
4859e11a16ae299d4c9658f6f9e820fd,8215014aa5498c19a5056e439af2d452_1,bb6f7081-92a3-1c24-2d3e-4f5a6b7c8d9e,患者,药品名称,,类别型,安罗替尼,,,,,LLM提取,论文病例报告,2024-11-04,用药,v1
4859e11a16ae299d4c9658f6f9e820fd,8215014aa5498c19a5056e439af2d452_1,bb6f7081-92a3-1c24-2d3e-4f5a6b7c8d9e,患者,剂量,,数值型,12,12,qd po，2周服药1周停药,mg,,LLM提取,论文病例报告,2024-11-04,用药,v1
4859e11a16ae299d4c9658f6f9e820fd,8215014aa5498c19a5056e439af2d452_1,bb6f7081-92a3-1c24-2d3e-4f5a6b7c8d9e,患者,药品名称,,类别型,特瑞普利单抗,,,,,LLM提取,论文病例报告,2024-11-04,用药,v1
4859e11a16ae299d4c9658f6f9e820fd,8215014aa5498c19a5056e439af2d452_1,bb6f7081-92a3-1c24-2d3e-4f5a6b7c8d9e,患者,剂量,,数值型,240,240,q3w ivgtt,mg,,LLM提取,论文病例报告,2024-11-04,用药,v1
4859e11a16ae299d4c9658f6f9e820fd,8215014aa5498c19a5056e439af2d452_1,cc7f8192-a3b4-2d35-3e4f-5a6b7c8d9e0f,胸腹部,影像所见,,文本型,双肺多发小结节；双肺少量慢性炎症灶；手术区、腹腔及腹膜后复发/转移灶较前缩小，最大病灶约9.0cm；腹膜后及腹腔多发肿大淋巴结，提示转移,,,,增强CT,LLM提取,论文病例报告,2024-12-03,影像,v1
4859e11a16ae299d4c9658f6f9e820fd,8215014aa5498c19a5056e439af2d452_1,cc7f8192-a3b4-2d35-3e4f-5a6b7c8d9e0f,患者,疗效评估,,类别型,部分缓解,,RECIST1.1,,影像评估,LLM提取,论文病例报告,2024-12-03,评估,v1
4859e11a16ae299d4c9658f6f9e820fd,8215014aa5498c19a5056e439af2d452_1,dd8f90a3-b4c5-3e46-4f5a-6b7c8d9e0f1a,患者,药品名称,,类别型,奥拉帕利,,,,,LLM提取,论文病例报告,2024-12-03,用药,v1
4859e11a16ae299d4c9658f6f9e820fd,8215014aa5498c19a5056e439af2d452_1,dd8f90a3-b4c5-3e46-4f5a-6b7c8d9e0f1a,患者,剂量,,数值型,150,150,bid po，1个周期后停用,mg,,LLM提取,论文病例报告,2024-12-03,用药,v1
4859e11a16ae299d4c9658f6f9e820fd,8215014aa5498c19a5056e439af2d452_1,ee9fa0b4-c5d6-4e57-5f60-7c8d9e0f1a2b,胸腹部,影像所见,,文本型,继续肿瘤缩小并部分坏死，最大病灶约7.8cm,,非增强CT,,CT,LLM提取,论文病例报告,2024-12-26,影像,v1
4859e11a16ae299d4c9658f6f9e820fd,8215014aa5498c19a5056e439af2d452_1,ff0a1b2c-3d4e-4f58-6f70-8a9b0c1d2e3f,胸腹部,影像所见,,文本型,进一步缩小，最大病灶约6.5cm，液化坏死更明显，无肺转移证据,,,,CT,LLM提取,论文病例报告,2025-02-10,影像,v1
4859e11a16ae299d4c9658f6f9e820fd,8215014aa5498c19a5056e439af2d452_1,0a1b2c3d-4e5f-6a70-8b9c-0d1e2f3a4b5c,胸腹部,影像所见,,文本型,进一步缩小，最大病灶约6.5cm，液化坏死更明显，无肺转移证据,,,,CT,LLM提取,论文病例报告,2025-03-27,影像,v1
4859e11a16ae299d4c9658f6f9e820fd,8215014aa5498c19a5056e439af2d452_1,0a1b2c3d-4e5f-6a70-8b9c-0d1e2f3a4b5c,患者,疗效评估,,类别型,部分缓解,,RECIST1.1,,影像评估,LLM提取,论文病例报告,2025-03-27,评估,v1
4859e11a16ae299d4c9658f6f9e820fd,8215014aa5498c19a5056e439af2d452_1,111b2c3d-4e5f-6a70-8b9c-0d1e2f3a4b5d,患者,不良反应名称,,类别型,未见明显不良反应,,包括乏力、高血压、手足综合征、胃肠道症状；血常规、肝肾功能、甲状腺功能、心肌酶、皮质醇监测均无明显异常,,随访监测,LLM提取,论文病例报告,2025-03-27,不良反应,v1
